4190130,03
4190131,01
4190132,06
4190133,02
4190134,09
4190135,05
4190136,01
4190137,08
4190138,04
4190139,00
4190140,09
4190141,05
4190142,01
4190143,08
4190144,04
4190145,00
4190146,07
4190147,03
4190148,01
4190149,06
4190150,04
4190151,00
4190152,07
4190153,03
4190154,01
4190155,06
4190156,02
4190157,09
4190158,05
4190159,01
4190160,01
4190161,06
4190162,02
4190163,09
4190164,05
4190165,01
4190166,08
4190167,04
4190168,00
4190169,07
4190170,05
4190171,01
4190172,08
4190173,04
4190174,00
4190175,07
4190176,03
4190177,01
4190178,06
4190179,02
4190180,00
4190181,07
4190182,03
4190183,01
4190184,06
4190185,02
4190186,09
4190187,05
4190188,01
4190189,08
4190190,06
4190191,02
4190192,09
4190193,05
4190194,01
4190195,08
4190196,04
4190197,00
4190198,07
4190199,03
4190200,01
4190201,08
4190202,04
4190203,00
4190204,07
4190205,03
4190206,01
4190207,06
4190208,02
4190209,09
4190210,07
4190211,03
4190212,01
4190213,06
4190214,02
4190215,09
4190216,05
4190217,01
4190218,08
4190219,04
4190220,02
4190221,09
4190222,05
4190223,01
4190224,08
4190225,04
4190226,00
4190227,07
4190228,03
4190229,01
4190230,08
4190231,04
4190232,00
4190233,07
4190234,03
4190235,01
4190236,06
4190237,02
4190238,09
4190239,05
4190240,03
4190241,01
4190242,06
4190243,02
4190244,09
4190245,05
4190246,01
4190247,08
4190248,04
4190249,00
4190250,09
4190251,05
4190252,01
4190253,08
4190254,04
4190255,00
4190256,07
4190257,03
4190258,01
4190259,06
4190260,04
4190261,00
4190262,07
4190263,03
4190264,01
4190265,06
4190266,02
4190267,09
4190268,05
4190269,01
4190270,01
4190271,06
